LegID,FlightID,ScheduledDepartureDateTime,ScheduledArrivalDateTime,DepartureAirportID,ArrivalAirportID,OperatingAirlineID,MarketingAirlineID,FlightNumber,AircraftID,ActualDepartureDateTime,ActualArrivalDateTime,Status,DelayReasonCode,CreatedAt,UpdatedAt
22501,296567,2025-05-24 01:00:00,2025-05-24 05:05:00,12235,11723,534,591,IM02514577,7925,,,Cancelled,,1747465069,1747465069
22502,22204,2025-05-28 17:30:00,2025-05-29 08:39:00,2488,6645,82,434,WG47261977,9039,,,Cancelled,,1747465069,1747465069
22503,98050,2025-05-14 13:00:00,2025-05-15 06:15:00,7043,14043,597,607,MK81852009,2015,,,OnTime,,1747465069,1747465069
22504,268271,2025-05-19 08:45:00,2025-05-19 19:56:00,3359,8092,58,71,QV36271703,3165,,,Delayed,38,1747465069,1747465069
22505,94455,2025-05-26 00:45:00,2025-05-26 14:39:00,5153,2321,187,404,XH46524079,8496,,,Delayed,14,1747465069,1747465069
22506,50103,2025-05-13 12:15:00,2025-05-14 00:20:00,4484,14280,376,189,KH84996946,2108,,,OnTime,,1747465069,1747465069
22507,378784,2025-05-26 12:15:00,2025-05-27 00:49:00,8380,6103,219,597,RQ20848325,3112,,,Scheduled,,1747465069,1747465069
22508,208674,2025-05-18 15:30:00,2025-05-18 19:14:00,6424,1626,330,37,KC59551779,7377,,,Cancelled,,1747465069,1747465069
22509,390287,2025-05-28 16:45:00,2025-05-29 07:09:00,6656,9886,428,,PL02005134,3118,,,Scheduled,,1747465069,1747465069
22510,442167,2025-05-14 01:45:00,2025-05-14 09:59:00,280,7295,234,76,DF72003866,,,,OnTime,,1747465069,1747465069
22511,358522,2025-05-31 14:15:00,2025-05-31 19:41:00,16002,2573,88,327,KP16185861,7349,,,Scheduled,,1747465069,1747465069
22512,166273,2025-05-12 23:30:00,2025-05-13 14:18:00,7782,11442,228,182,AG31702786,8335,2025-05-13 00:01:00,2025-05-13 14:49:00,Delayed,74,1747465069,1747465069
22513,352493,2025-05-31 14:45:00,2025-05-31 20:33:00,4845,13675,368,368,QM85628830,6702,,,Scheduled,,1747465069,1747465069
22514,15489,2025-05-15 08:00:00,2025-05-15 10:06:00,12676,9409,172,275,ZO19537414XCD,,,,OnTime,,1747465069,1747465069
22515,33382,2025-05-10 06:15:00,2025-05-10 16:32:00,2884,12495,547,553,QH79966791,,,,OnTime,,1747465069,1747465069
22516,442669,2025-05-27 05:00:00,2025-05-27 22:08:00,12647,14214,293,266,QV85123384,,,,Delayed,54,1747465069,1747465069
22517,399117,2025-05-16 03:00:00,2025-05-16 07:01:00,8194,9368,525,62,ZW57566345,,2025-05-16 03:33:00,2025-05-16 07:34:00,Delayed,31,1747465069,1747465069
22518,431262,2025-05-15 19:45:00,2025-05-16 10:02:00,4725,13039,475,,XZ33270442,8707,,,OnTime,,1747465069,1747465069
22519,378760,2025-05-18 08:00:00,2025-05-18 11:37:00,12421,2228,356,435,GP27061858XCD,2662,,,Scheduled,,1747465069,1747465069
22520,191181,2025-05-21 22:15:00,2025-05-22 16:10:00,5114,12434,291,416,EJ21554770,8060,,,Delayed,38,1747465069,1747465069
22521,460935,2025-05-17 02:30:00,2025-05-17 12:34:00,14720,8832,573,3,QP16009416,3768,,,OnTime,,1747465069,1747465069
22522,431707,2025-05-21 20:45:00,2025-05-22 11:20:00,15205,297,413,570,YS67220184,3542,,,Delayed,38,1747465069,1747465069
22523,10803,2025-05-11 08:30:00,2025-05-11 16:10:00,8844,4105,511,118,MM92373286,3836,,,OnTime,,1747465069,1747465069
22524,136309,2025-05-22 20:00:00,2025-05-22 21:41:00,12294,15156,186,642,VN44488229,4114,,,Scheduled,,1747465069,1747465069
22525,59682,2025-05-16 05:30:00,2025-05-16 06:55:00,11166,5901,75,352,OK18686905,6394,,,OnTime,,1747465069,1747465069
22526,60665,2025-05-22 08:00:00,2025-05-22 09:32:00,15125,15461,487,126,QV33226201XCD,8924,,,Delayed,18,1747465069,1747465069
22527,318492,2025-05-22 04:45:00,2025-05-22 10:53:00,15490,1738,430,,BR25955683,,,,Cancelled,,1747465069,1747465069
22528,367822,2025-05-21 21:30:00,2025-05-22 08:23:00,5661,644,575,,WN37563307,1500,,,Delayed,57,1747465069,1747465069
22529,224812,2025-05-23 08:00:00,2025-05-23 10:56:00,13570,1984,289,29,VQ95382957XCD,2480,,,Scheduled,,1747465069,1747465069
22530,133535,2025-05-21 18:00:00,2025-05-22 07:28:00,8733,12791,209,400,OB87174890,4537,,,Cancelled,,1747465069,1747465069
22531,243476,2025-05-19 00:30:00,2025-05-19 05:08:00,16262,10359,151,,VM33496398,4034,,,Scheduled,,1747465069,1747465069
22532,137704,2025-05-27 09:45:00,2025-05-28 01:59:00,58,3573,102,239,LX94878989,4316,,,Cancelled,,1747465069,1747465069
22533,435973,2025-05-24 08:00:00,2025-05-24 11:43:00,3990,15187,225,424,AJ92166567XCD,4788,,,Cancelled,,1747465069,1747465069
22534,353766,2025-05-19 05:00:00,2025-05-19 14:47:00,14659,9125,208,621,IM21370114,7161,,,Scheduled,,1747465069,1747465069
22535,280967,2025-05-11 05:45:00,2025-05-11 13:11:00,16830,11949,233,599,KH95307413,1129,,,OnTime,,1747465069,1747465069
22536,51305,2025-05-24 22:15:00,2025-05-25 07:02:00,11590,10329,640,36,ZT68182172,3569,,,Scheduled,,1747465069,1747465069
22537,203739,2025-05-10 01:15:00,2025-05-10 02:49:00,3606,15662,18,470,VF62694017,6906,,,OnTime,,1747465069,1747465069
22538,451816,2025-05-13 14:45:00,2025-05-14 05:31:00,14417,3141,348,592,SF30128674,6268,,,OnTime,,1747465069,1747465069
22539,119655,2025-05-22 05:45:00,2025-05-22 21:31:00,7935,9810,469,396,SV00961313,3888,,,Delayed,75,1747465069,1747465069
22540,277973,2025-05-14 07:45:00,2025-05-14 19:34:00,1267,13290,96,493,VV93167546,,2025-05-14 08:33:00,2025-05-14 20:22:00,Delayed,32,1747465069,1747465069
22541,170230,2025-05-26 03:45:00,2025-05-26 12:49:00,13562,11545,605,117,ZU59940822,1646,,,Scheduled,,1747465069,1747465069
22542,489525,2025-05-14 20:45:00,2025-05-15 08:26:00,7977,1301,109,224,EX36120495,7908,,,OnTime,,1747465069,1747465069
22543,51294,2025-05-21 05:00:00,2025-05-21 15:49:00,13386,13047,19,582,ND25550181,,,,Scheduled,,1747465069,1747465069
22544,57279,2025-05-10 09:00:00,2025-05-10 18:31:00,2588,13830,119,147,YA14686327,3608,,,OnTime,,1747465069,1747465069
22545,55766,2025-05-17 08:45:00,2025-05-17 23:07:00,9961,12419,562,388,UH46541675,,,,OnTime,,1747465069,1747465069
22546,272282,2025-05-11 18:30:00,2025-05-12 07:18:00,15381,5760,510,,UX74150974,,2025-05-11 18:50:00,2025-05-12 07:38:00,Delayed,76,1747465069,1747465069
22547,151164,2025-05-27 12:30:00,2025-05-27 17:25:00,15363,7957,642,171,QA50927937,9368,,,Delayed,13,1747465069,1747465069
22548,128595,2025-05-18 08:00:00,2025-05-18 11:06:00,15553,4610,123,272,VO84688936XCD,6257,,,Cancelled,,1747465069,1747465069
22549,229420,2025-05-30 17:30:00,2025-05-30 21:23:00,16047,16458,229,77,WO50886115,,,,Cancelled,,1747465069,1747465069
22550,250905,2025-05-16 00:30:00,2025-05-16 13:50:00,15821,14030,467,326,SO16710307,2687,,,OnTime,,1747465069,1747465069
22551,405460,2025-05-26 17:30:00,2025-05-27 05:08:00,8353,5637,510,626,DU96658094,6254,,,Delayed,51,1747465069,1747465069
22552,328613,2025-05-15 15:45:00,2025-05-15 23:55:00,10305,13363,495,86,VG06517061,7551,,,OnTime,,1747465069,1747465069
22553,474387,2025-05-24 23:45:00,2025-05-25 07:45:00,14730,1297,174,615,ZB53787036,6496,,,Delayed,79,1747465069,1747465069
22554,173018,2025-05-23 10:00:00,2025-05-23 22:44:00,2027,1117,357,527,SH96945833,3710,,,Delayed,24,1747465069,1747465069
22555,194885,2025-05-16 04:30:00,2025-05-16 09:32:00,8519,16195,606,376,PP85925223,3948,2025-05-16 05:29:00,2025-05-16 10:31:00,Delayed,15,1747465069,1747465069
22556,335395,2025-05-25 15:30:00,2025-05-25 23:57:00,3484,12365,597,505,NM25184162,4428,,,Cancelled,,1747465069,1747465069
22557,327902,2025-05-14 14:00:00,2025-05-14 22:02:00,11174,1666,142,358,DU83592649,509,,,OnTime,,1747465069,1747465069
22558,279784,2025-05-24 10:30:00,2025-05-25 00:25:00,13268,11147,404,,ZB86696180,,,,Delayed,25,1747465069,1747465069
22559,455847,2025-05-22 18:15:00,2025-05-22 21:40:00,8048,4838,374,225,TI90527204,5513,,,Delayed,32,1747465069,1747465069
22560,316228,2025-05-18 04:45:00,2025-05-18 21:20:00,9178,6994,432,96,NO82411456,7130,,,Cancelled,,1747465069,1747465069
22561,420482,2025-05-15 06:15:00,2025-05-15 21:11:00,14705,11120,54,,FB54776067,7810,,,OnTime,,1747465069,1747465069
22562,393944,2025-05-20 23:45:00,2025-05-21 09:18:00,8280,13901,263,410,RB72293277,2289,,,Scheduled,,1747465069,1747465069
22563,445146,2025-05-28 19:30:00,2025-05-29 07:07:00,469,2215,85,580,QI86510772,2412,,,Scheduled,,1747465069,1747465069
22564,294517,2025-05-28 06:00:00,2025-05-28 22:31:00,15405,5897,395,550,KJ78433361,4961,,,Scheduled,,1747465069,1747465069
22565,61898,2025-05-23 11:45:00,2025-05-23 23:57:00,8359,11120,233,119,RC11509993,2512,,,Scheduled,,1747465069,1747465069
22566,68282,2025-05-26 08:30:00,2025-05-26 12:15:00,8043,15541,426,237,WD68054263,4952,,,Delayed,18,1747465069,1747465069
22567,351430,2025-05-15 18:00:00,2025-05-16 08:26:00,9233,1351,278,53,EJ04246650,5405,,,OnTime,,1747465069,1747465069
22568,387799,2025-05-24 05:30:00,2025-05-24 17:28:00,8429,55,363,281,JA64805575,5160,,,Delayed,43,1747465069,1747465069
22569,139335,2025-05-23 06:00:00,2025-05-23 10:16:00,7942,16630,345,271,JS27572256,,,,Delayed,19,1747465069,1747465069
22570,380127,2025-05-31 00:30:00,2025-05-31 07:47:00,10929,13291,389,42,SY92501139,,,,Delayed,71,1747465069,1747465069
22571,380908,2025-05-26 03:30:00,2025-05-26 13:28:00,6600,9260,152,564,OM82386171,7488,,,Scheduled,,1747465069,1747465069
22572,321217,2025-05-18 04:30:00,2025-05-18 11:03:00,14848,16450,537,592,TM84446357,7911,,,Delayed,63,1747465069,1747465069
22573,84180,2025-05-12 22:15:00,2025-05-13 08:45:00,8966,10343,306,,MZ94350851,6301,,,OnTime,,1747465069,1747465069
22574,408992,2025-05-29 03:30:00,2025-05-29 14:12:00,886,7725,273,,DV65996840,,,,Cancelled,,1747465069,1747465069
22575,109103,2025-05-25 07:00:00,2025-05-25 15:45:00,14277,1931,611,413,OE85445366,,,,Cancelled,,1747465069,1747465069
22576,53717,2025-05-21 15:45:00,2025-05-21 17:08:00,7356,16090,637,370,PV00729322,9189,,,Scheduled,,1747465069,1747465069
22577,310931,2025-05-14 03:15:00,2025-05-14 13:37:00,12454,11677,217,337,AJ21392663,2590,,,OnTime,,1747465069,1747465069
22578,48079,2025-05-25 08:45:00,2025-05-25 19:35:00,4087,9980,307,575,DL63586392,9363,,,Scheduled,,1747465069,1747465069
22579,254774,2025-05-29 10:00:00,2025-05-29 11:19:00,3272,4498,269,445,KY87215745,8068,,,Delayed,14,1747465069,1747465069
22580,432672,2025-05-14 02:00:00,2025-05-14 14:12:00,14784,3639,270,519,UH90490354,,,,OnTime,,1747465069,1747465069
22581,271215,2025-05-26 21:00:00,2025-05-27 01:33:00,639,6246,528,131,OW82667640,,,,Scheduled,,1747465069,1747465069
22582,364621,2025-06-01 03:30:00,2025-06-01 19:25:00,4050,15727,378,523,GB76627884,238,,,Cancelled,,1747465069,1747465069
22583,393576,2025-05-29 18:30:00,2025-05-30 10:53:00,10937,1860,392,411,ZS53782297,2152,,,Cancelled,,1747465069,1747465069
22584,155019,2025-05-24 19:30:00,2025-05-25 10:21:00,16152,15256,637,277,LN10450465,,,,Scheduled,,1747465069,1747465069
22585,405723,2025-05-08 16:00:00,2025-05-09 04:29:00,14027,8430,78,435,HQ76730958,,,,OnTime,,1747465069,1747465069
22586,317134,2025-05-16 09:00:00,2025-05-16 23:52:00,13299,11466,447,506,AR98953648,,,,OnTime,,1747465069,1747465069
22587,205941,2025-05-12 00:00:00,2025-05-12 11:20:00,8626,1152,210,650,RT38349633,3328,2025-05-12 00:40:00,2025-05-12 12:00:00,Delayed,32,1747465069,1747465069
22588,98613,2025-05-22 10:15:00,2025-05-22 18:42:00,14476,8173,442,293,DB96865296,5856,,,Cancelled,,1747465069,1747465069
22589,370974,2025-05-12 03:45:00,2025-05-12 14:08:00,10997,7907,501,579,UE92208883,5029,,,OnTime,,1747465069,1747465069
22590,279267,2025-05-17 10:15:00,2025-05-18 03:29:00,7643,15781,11,104,BL94143593,5895,,,Cancelled,,1747465069,1747465069
22591,107569,2025-05-21 09:00:00,2025-05-21 12:18:00,1504,38,600,531,HH66141951,,,,Scheduled,,1747465069,1747465069
22592,106896,2025-05-26 22:45:00,2025-05-27 06:18:00,15634,4516,193,412,QG95650041,3396,,,Delayed,56,1747465069,1747465069
22593,108762,2025-05-28 02:30:00,2025-05-28 10:46:00,8033,6033,535,621,NG43446102,3844,,,Scheduled,,1747465069,1747465069
22594,54646,2025-05-27 20:15:00,2025-05-28 08:20:00,8095,1605,579,112,QR79952291,2300,,,Scheduled,,1747465069,1747465069
22595,356995,2025-05-24 21:30:00,2025-05-25 11:12:00,12235,14672,106,43,RS10629642,6216,,,Scheduled,,1747465069,1747465069
22596,241855,2025-05-24 17:30:00,2025-05-25 05:53:00,4514,2893,451,247,AI35325120,,,,Cancelled,,1747465069,1747465069
22597,86555,2025-05-20 10:15:00,2025-05-21 02:41:00,5099,2657,497,407,BM18809968,607,,,Cancelled,,1747465069,1747465069
22598,219119,2025-05-14 17:15:00,2025-05-15 08:08:00,7070,634,437,632,OU49397640,4723,,,Cancelled,,1747465069,1747465069
22599,64402,2025-05-09 13:00:00,2025-05-09 21:45:00,1041,7374,253,87,GD10785528,115,,,OnTime,,1747465069,1747465069
22600,340603,2025-05-11 12:45:00,2025-05-11 17:48:00,10876,6318,273,146,AK36286850,1302,2025-05-11 13:12:00,2025-05-11 18:15:00,Delayed,44,1747465069,1747465069
22601,105959,2025-05-25 00:00:00,2025-05-25 06:27:00,2601,7947,643,141,YA96384614,6769,,,Scheduled,,1747465069,1747465069
22602,148137,2025-05-09 06:15:00,2025-05-09 16:30:00,5043,16690,585,99,TO96474537,3941,,,OnTime,,1747465069,1747465069
22603,204745,2025-05-14 09:45:00,2025-05-14 17:18:00,6236,16980,613,629,CN87349692,6890,,,OnTime,,1747465069,1747465069
22604,403973,2025-05-21 00:45:00,2025-05-21 13:00:00,1950,5302,644,180,UR04104678,1873,,,Scheduled,,1747465069,1747465069
22605,104515,2025-05-27 03:45:00,2025-05-27 19:06:00,9592,3503,473,534,RL81494247,1097,,,Scheduled,,1747465069,1747465069
22606,321497,2025-05-24 16:00:00,2025-05-24 21:49:00,16163,12888,261,530,WM36316609,8092,,,Scheduled,,1747465069,1747465069
22607,115493,2025-05-12 22:00:00,2025-05-13 01:30:00,9406,2597,273,341,YE39398830,4873,,,OnTime,,1747465069,1747465069
22608,452503,2025-05-26 01:45:00,2025-05-26 07:43:00,16854,10819,313,503,WX52296684,,,,Scheduled,,1747465069,1747465069
22609,192850,2025-05-25 21:00:00,2025-05-26 03:16:00,2270,3409,11,419,TQ15071130,2232,,,Delayed,34,1747465069,1747465069
22610,48607,2025-05-20 08:00:00,2025-05-20 09:14:00,15710,8955,339,5,GY12421240XCD,2325,,,Scheduled,,1747465069,1747465069
22611,387275,2025-05-19 20:00:00,2025-05-20 11:05:00,15808,11253,162,623,DZ42951597,952,,,Delayed,75,1747465069,1747465069
22612,299501,2025-05-26 15:15:00,2025-05-27 03:38:00,11425,15145,550,493,DT22811756,1244,,,Delayed,53,1747465069,1747465069
22613,374826,2025-05-24 20:15:00,2025-05-25 12:27:00,1939,5516,43,77,DT85218542,1180,,,Delayed,18,1747465069,1747465069
22614,247991,2025-05-31 01:00:00,2025-05-31 09:54:00,9044,15204,350,,UK54025852,,,,Delayed,33,1747465069,1747465069
22615,227951,2025-05-16 03:15:00,2025-05-16 19:47:00,1327,254,73,614,WB97546627,2868,2025-05-16 03:54:00,2025-05-16 20:26:00,Delayed,72,1747465069,1747465069
22616,211615,2025-05-19 07:00:00,2025-05-19 08:51:00,6298,15530,356,55,ZF34208846,49,,,Delayed,27,1747465069,1747465069
22617,474607,2025-05-15 11:45:00,2025-05-15 19:05:00,13954,4891,207,427,PH78174460,,,,Cancelled,,1747465069,1747465069
22618,197043,2025-05-22 00:15:00,2025-05-22 02:08:00,8769,3232,577,399,WM31063852,5445,,,Delayed,44,1747465069,1747465069
22619,476818,2025-05-27 07:45:00,2025-05-27 11:58:00,15924,5545,511,264,WR19015730,5252,,,Cancelled,,1747465069,1747465069
22620,288363,2025-05-22 01:45:00,2025-05-22 17:01:00,8422,10549,523,587,KH89195563,,,,Delayed,75,1747465069,1747465069
22621,338721,2025-05-15 09:15:00,2025-05-15 22:42:00,6999,7568,329,188,RY15267074,5878,,,OnTime,,1747465069,1747465069
22622,334616,2025-05-22 07:15:00,2025-05-22 15:37:00,628,16716,231,65,XS77679278,2311,,,Cancelled,,1747465069,1747465069
22623,436237,2025-05-10 12:30:00,2025-05-11 05:14:00,5592,3188,301,226,KE17946181,,,,OnTime,,1747465069,1747465069
22624,418719,2025-05-17 16:15:00,2025-05-18 07:02:00,11019,11058,471,377,RE28349683,,,,Cancelled,,1747465069,1747465069
22625,213387,2025-05-18 08:00:00,2025-05-18 11:11:00,6927,7529,155,28,VY64011767XCD,6179,,,Delayed,11,1747465069,1747465069
22626,394554,2025-05-15 20:30:00,2025-05-15 23:30:00,13720,8205,226,,ZA04241164,,,,OnTime,,1747465069,1747465069
22627,448032,2025-05-23 14:45:00,2025-05-23 20:23:00,12925,16617,67,207,YS68027167,,,,Scheduled,,1747465069,1747465069
22628,350185,2025-05-23 12:45:00,2025-05-24 02:22:00,5057,11278,56,479,XU10086122,2962,,,Scheduled,,1747465069,1747465069
22629,160563,2025-05-14 07:15:00,2025-05-14 08:59:00,2936,13808,61,592,DL14129332,4732,,,OnTime,,1747465069,1747465069
22630,492081,2025-05-28 08:45:00,2025-05-28 18:05:00,15608,48,45,177,NC11805234,1778,,,Scheduled,,1747465069,1747465069
22631,462665,2025-05-27 19:15:00,2025-05-28 03:41:00,11102,12664,548,536,VZ67854984,7924,,,Scheduled,,1747465069,1747465069
22632,460631,2025-05-15 01:00:00,2025-05-15 17:07:00,12578,2189,122,12,AE66113513,610,2025-05-15 01:15:00,2025-05-15 17:22:00,Delayed,18,1747465069,1747465069
22633,363665,2025-05-24 09:45:00,2025-05-24 13:30:00,13595,15529,289,451,GY56910177,6852,,,Delayed,42,1747465069,1747465069
22634,341703,2025-05-31 22:45:00,2025-06-01 15:39:00,13104,649,340,354,MW65523375,3673,,,Delayed,17,1747465069,1747465069
22635,79518,2025-05-22 06:45:00,2025-05-22 18:57:00,16636,15713,46,,FY55468406,,,,Scheduled,,1747465069,1747465069
22636,104605,2025-05-29 23:15:00,2025-05-30 01:07:00,16071,457,461,499,IR45866042,1283,,,Cancelled,,1747465069,1747465069
22637,51874,2025-05-29 21:45:00,2025-05-30 04:08:00,15662,14925,335,49,GF97559176,,,,Cancelled,,1747465069,1747465069
22638,115455,2025-05-24 16:45:00,2025-05-25 04:34:00,15336,62,522,277,QS05330099,,,,Scheduled,,1747465069,1747465069
22639,25431,2025-05-27 22:45:00,2025-05-28 07:25:00,11386,7210,588,452,XC17752881,9043,,,Delayed,21,1747465069,1747465069
22640,102815,2025-05-25 14:45:00,2025-05-25 16:08:00,5372,9357,126,545,ZP94015240,5137,,,Cancelled,,1747465069,1747465069
22641,415201,2025-05-22 21:45:00,2025-05-23 01:02:00,15576,3633,619,594,HR49932943,4271,,,Scheduled,,1747465069,1747465069
22642,304662,2025-05-15 11:15:00,2025-05-15 23:00:00,2759,6801,535,124,IT45004953,,,,OnTime,,1747465069,1747465069
22643,248130,2025-05-26 23:00:00,2025-05-27 05:09:00,882,10708,239,463,SG97894014,3772,,,Cancelled,,1747465069,1747465069
22644,144861,2025-05-11 17:00:00,2025-05-12 10:50:00,6507,2482,535,301,YV03801584,6991,,,OnTime,,1747465069,1747465069
22645,200063,2025-05-14 00:00:00,2025-05-14 11:52:00,3014,228,435,288,UF90314518,3307,,,OnTime,,1747465069,1747465069
22646,95508,2025-05-20 18:00:00,2025-05-21 05:19:00,11612,16980,244,468,OW83010341,3868,,,Scheduled,,1747465069,1747465069
22647,352279,2025-05-10 21:45:00,2025-05-11 11:20:00,6493,1260,76,,LK45454239,8023,,,OnTime,,1747465069,1747465069
22648,194943,2025-05-12 15:30:00,2025-05-12 23:12:00,2178,15034,327,,UG06052446,,,,Cancelled,,1747465069,1747465069
22649,313414,2025-05-22 18:00:00,2025-05-23 01:43:00,1892,746,493,,YY48889795,1015,,,Scheduled,,1747465069,1747465069
22650,75541,2025-05-22 16:15:00,2025-05-23 02:00:00,15407,16066,559,217,FY70148757,6526,,,Cancelled,,1747465069,1747465069
22651,128698,2025-05-30 20:00:00,2025-05-31 05:21:00,6177,14310,547,302,CP01434031,3419,,,Scheduled,,1747465069,1747465069
22652,375468,2025-05-13 12:30:00,2025-05-13 14:39:00,5851,1247,470,63,IK17983884,,,,Cancelled,,1747465069,1747465069
22653,203345,2025-05-26 20:15:00,2025-05-27 03:42:00,11160,9358,92,37,MM47581160,784,,,Delayed,28,1747465069,1747465069
22654,88969,2025-05-24 08:00:00,2025-05-24 11:43:00,5598,13132,473,361,EV12742927XCD,7997,,,Scheduled,,1747465069,1747465069
22655,41173,2025-05-22 12:30:00,2025-05-22 14:44:00,10333,9970,576,,FS65503715,2940,,,Scheduled,,1747465069,1747465069
22656,212128,2025-05-22 22:00:00,2025-05-23 13:16:00,8481,9112,458,,XG05420935,7339,,,Scheduled,,1747465069,1747465069
22657,153100,2025-05-14 13:30:00,2025-05-14 18:03:00,7004,7915,86,338,PF99278735,,,,OnTime,,1747465069,1747465069
22658,410678,2025-05-23 11:00:00,2025-05-23 21:12:00,7972,13577,322,4,WH81098495,,,,Cancelled,,1747465069,1747465069
22659,378710,2025-05-20 06:00:00,2025-05-20 16:49:00,8914,2077,33,3,RM63317525,,,,Cancelled,,1747465069,1747465069
22660,199335,2025-05-14 07:00:00,2025-05-14 23:49:00,8418,140,619,540,AC29357125,2749,2025-05-14 07:40:00,2025-05-15 00:29:00,Delayed,79,1747465069,1747465069
22661,205685,2025-05-16 08:00:00,2025-05-16 10:44:00,467,3206,648,152,JC17118123XCD,433,,,OnTime,,1747465069,1747465069
22662,337190,2025-05-27 08:15:00,2025-05-27 16:18:00,13015,2846,453,175,YB87275135,2893,,,Scheduled,,1747465069,1747465069
22663,435663,2025-05-15 14:30:00,2025-05-16 01:30:00,7392,13130,279,468,ED37005974,7562,,,OnTime,,1747465069,1747465069
22664,75428,2025-05-15 22:30:00,2025-05-16 10:35:00,6007,9685,79,271,UO21632888,3680,,,OnTime,,1747465069,1747465069
22665,355848,2025-05-11 11:15:00,2025-05-12 02:50:00,13639,4352,618,487,LD51861032,1433,,,OnTime,,1747465069,1747465069
22666,463934,2025-05-23 14:30:00,2025-05-23 16:20:00,15246,2027,607,,QL49766949,5068,,,Cancelled,,1747465069,1747465069
22667,492913,2025-05-26 14:00:00,2025-05-26 23:10:00,3109,1854,498,318,LQ14208083,,,,Delayed,53,1747465069,1747465069
22668,343871,2025-05-12 08:00:00,2025-05-12 16:41:00,13138,7807,509,33,RY34057877,3649,,,OnTime,,1747465069,1747465069
22669,114002,2025-05-27 10:30:00,2025-05-27 11:51:00,15054,11869,485,534,CC10472005,8543,,,Delayed,55,1747465069,1747465069
22670,455629,2025-05-13 14:00:00,2025-05-13 18:50:00,11911,6905,520,99,DJ21195738,,,,Cancelled,,1747465069,1747465069
22671,276400,2025-05-22 08:15:00,2025-05-22 22:49:00,8843,6159,79,275,LF03343303,7821,,,Cancelled,,1747465069,1747465069
22672,129419,2025-05-17 01:45:00,2025-05-17 06:35:00,11653,13876,9,,SJ58528393,5135,,,OnTime,,1747465069,1747465069
22673,243484,2025-05-21 05:15:00,2025-05-21 16:08:00,1915,16839,253,316,YQ00621061,5187,,,Scheduled,,1747465069,1747465069
22674,472010,2025-05-19 14:15:00,2025-05-19 16:11:00,5633,4697,371,91,AF39410495,1053,,,Delayed,22,1747465069,1747465069
22675,461413,2025-05-15 12:15:00,2025-05-16 02:51:00,13275,13348,142,592,GC56917953,2181,,,OnTime,,1747465069,1747465069
22676,492743,2025-05-25 05:00:00,2025-05-25 09:17:00,14770,13302,440,466,IW66591659,,,,Scheduled,,1747465069,1747465069
22677,2822,2025-05-12 06:00:00,2025-05-12 16:47:00,13364,15310,17,525,TO30668462,3345,,,OnTime,,1747465069,1747465069
22678,350190,2025-05-13 12:00:00,2025-05-13 21:51:00,12106,535,351,420,VP32357186,5325,,,OnTime,,1747465069,1747465069
22679,175807,2025-05-14 21:15:00,2025-05-14 23:59:00,6066,4065,338,398,LW09785397,4417,,,OnTime,,1747465069,1747465069
22680,400202,2025-05-26 21:30:00,2025-05-27 13:51:00,16275,1704,51,254,JU92415106,6036,,,Delayed,17,1747465069,1747465069
22681,123001,2025-05-30 12:45:00,2025-05-30 14:48:00,8720,3268,403,267,BV45684716,7166,,,Delayed,21,1747465069,1747465069
22682,419409,2025-05-10 05:30:00,2025-05-10 07:48:00,13630,12880,209,427,WP12478943,6248,,,OnTime,,1747465069,1747465069
22683,112022,2025-05-18 05:00:00,2025-05-18 17:00:00,5330,494,519,319,TR91175651,692,,,Delayed,55,1747465069,1747465069
22684,378388,2025-05-08 21:45:00,2025-05-09 03:59:00,625,16922,497,343,FL32021243,6595,,,OnTime,,1747465069,1747465069
22685,285376,2025-05-13 01:45:00,2025-05-13 04:21:00,7576,14622,401,319,ZJ50095599,1283,,,OnTime,,1747465069,1747465069
22686,431776,2025-05-31 02:15:00,2025-05-31 04:15:00,905,1143,169,143,QQ02421451,4953,,,Delayed,79,1747465069,1747465069
22687,128027,2025-05-16 16:45:00,2025-05-17 05:59:00,15493,7330,294,419,IJ43212487,5591,2025-05-16 17:28:00,2025-05-17 06:42:00,Delayed,78,1747465069,1747465069
22688,466655,2025-05-17 15:00:00,2025-05-18 06:14:00,2336,14064,537,176,OR39145018,4907,,,Delayed,25,1747465069,1747465069
22689,10486,2025-05-22 08:30:00,2025-05-22 17:26:00,10419,9940,491,555,EH05397668,2622,,,Cancelled,,1747465069,1747465069
22690,459446,2025-05-26 03:00:00,2025-05-26 16:55:00,11844,5112,543,41,MJ61441627,5311,,,Scheduled,,1747465069,1747465069
22691,6839,2025-05-23 22:45:00,2025-05-24 09:38:00,3433,3945,595,,JS35024912,3159,,,Cancelled,,1747465069,1747465069
22692,337948,2025-05-10 12:30:00,2025-05-11 00:45:00,6904,9501,561,596,UI98624141,7384,,,OnTime,,1747465069,1747465069
22693,240652,2025-05-22 01:00:00,2025-05-22 12:50:00,4886,7282,528,500,MC37256009,7026,,,Delayed,15,1747465069,1747465069
22694,51784,2025-05-12 04:45:00,2025-05-12 06:23:00,7887,11459,76,439,VC22336548,,,,OnTime,,1747465069,1747465069
22695,265704,2025-05-29 09:45:00,2025-05-29 23:54:00,3265,3104,222,323,ZF90602180,7468,,,Scheduled,,1747465069,1747465069
22696,158759,2025-05-19 14:00:00,2025-05-19 20:45:00,7536,14763,406,473,YX19063562,1279,,,Scheduled,,1747465069,1747465069
22697,333237,2025-05-10 22:45:00,2025-05-11 04:10:00,3821,13537,213,5,BF76996460,,2025-05-10 23:01:00,2025-05-11 04:26:00,Delayed,61,1747465069,1747465069
22698,180975,2025-05-22 13:15:00,2025-05-23 06:12:00,16807,13000,136,548,OV84127227,6638,,,Cancelled,,1747465069,1747465069
22699,40338,2025-05-16 02:00:00,2025-05-16 12:00:00,9974,2949,155,242,JW40114917,1756,,,OnTime,,1747465069,1747465069
22700,411373,2025-05-21 07:00:00,2025-05-21 10:36:00,8459,16074,617,127,MU00047086,9133,,,Delayed,17,1747465069,1747465069
22701,278309,2025-05-22 03:00:00,2025-05-22 15:09:00,13983,13108,46,489,DP14609062,7377,,,Delayed,56,1747465069,1747465069
22702,332468,2025-05-19 02:45:00,2025-05-19 17:27:00,9405,4889,388,452,DG38382374,7079,,,Scheduled,,1747465069,1747465069
22703,453360,2025-05-17 08:00:00,2025-05-17 11:45:00,12984,229,132,351,AY31554145XCD,6208,2025-05-17 08:24:00,2025-05-17 12:09:00,Delayed,35,1747465069,1747465069
22704,414162,2025-05-31 16:45:00,2025-05-31 17:59:00,14694,8406,141,,NR12614463,5107,,,Scheduled,,1747465069,1747465069
22705,185163,2025-05-19 16:15:00,2025-05-20 01:56:00,14160,4699,631,80,LC77849041,,,,Scheduled,,1747465069,1747465069
22706,180031,2025-05-14 12:30:00,2025-05-14 16:02:00,3059,12847,543,,AU16904577,1868,2025-05-14 12:57:00,2025-05-14 16:29:00,Delayed,37,1747465069,1747465069
22707,366241,2025-05-31 00:45:00,2025-05-31 04:27:00,9326,9070,585,72,OX56110830,2999,,,Cancelled,,1747465069,1747465069
22708,319483,2025-05-19 18:00:00,2025-05-19 20:29:00,5802,11759,191,585,IW46990391,704,,,Delayed,43,1747465069,1747465069
22709,232893,2025-05-16 23:30:00,2025-05-17 08:21:00,15376,7848,575,566,ZH84534179,,,,OnTime,,1747465069,1747465069
22710,21934,2025-05-26 18:00:00,2025-05-26 23:50:00,13855,6177,122,587,RZ59850805,173,,,Cancelled,,1747465069,1747465069
22711,399765,2025-05-21 23:00:00,2025-05-22 16:14:00,11363,15871,401,344,LJ76228468,6526,,,Delayed,27,1747465069,1747465069
22712,460683,2025-05-28 07:30:00,2025-05-28 14:15:00,10915,10050,263,516,GR12906656,491,,,Scheduled,,1747465069,1747465069
22713,492849,2025-05-28 18:00:00,2025-05-29 00:09:00,3427,13184,17,264,YN55246415,1964,,,Cancelled,,1747465069,1747465069
22714,220690,2025-05-16 07:45:00,2025-05-16 15:01:00,4802,3421,127,217,QQ15602773,8686,,,OnTime,,1747465069,1747465069
22715,94640,2025-05-15 08:30:00,2025-05-15 12:40:00,13535,8030,201,523,EP15724402,2395,2025-05-15 08:52:00,2025-05-15 13:02:00,Delayed,51,1747465069,1747465069
22716,328362,2025-05-24 14:00:00,2025-05-24 15:09:00,4999,9105,107,309,AJ17198696,4061,,,Scheduled,,1747465069,1747465069
22717,97968,2025-05-16 08:00:00,2025-05-16 10:14:00,3690,13262,478,133,BF84923780XCD,3818,,,OnTime,,1747465069,1747465069
22718,20608,2025-05-19 22:15:00,2025-05-20 03:29:00,11807,3687,638,630,FT70627469,2094,,,Cancelled,,1747465069,1747465069
22719,168228,2025-05-10 13:45:00,2025-05-11 00:16:00,15630,8344,303,383,TD61061466,,,,OnTime,,1747465069,1747465069
22720,290851,2025-05-22 01:45:00,2025-05-22 10:01:00,9239,623,593,611,IS18168969,366,,,Cancelled,,1747465069,1747465069
22721,133258,2025-05-16 12:00:00,2025-05-16 15:00:00,16903,4545,121,,YR63626873,217,2025-05-16 12:50:00,2025-05-16 15:50:00,Delayed,53,1747465069,1747465069
22722,115494,2025-06-01 17:45:00,2025-06-01 23:11:00,13662,5409,451,468,SM66008264,2318,,,Scheduled,,1747465069,1747465069
22723,256697,2025-05-10 01:45:00,2025-05-10 14:14:00,14341,5645,271,132,NG42410595,9446,,,OnTime,,1747465069,1747465069
22724,392582,2025-05-16 01:30:00,2025-05-16 11:09:00,8618,13329,350,103,NL36798108,1994,2025-05-16 01:54:00,2025-05-16 11:33:00,Delayed,73,1747465069,1747465069
22725,408492,2025-05-26 00:15:00,2025-05-26 07:37:00,11330,133,231,510,ES03882162,592,,,Delayed,55,1747465069,1747465069
22726,205546,2025-05-22 21:45:00,2025-05-23 02:15:00,6119,3338,443,6,LD43033653,7161,,,Delayed,35,1747465069,1747465069
22727,490711,2025-05-26 12:15:00,2025-05-27 02:22:00,6354,12967,275,631,JH78950292,6778,,,Cancelled,,1747465069,1747465069
22728,324469,2025-05-12 06:45:00,2025-05-12 22:10:00,9202,2601,245,315,PT56684791,7129,,,OnTime,,1747465069,1747465069
22729,191226,2025-05-20 08:00:00,2025-05-20 09:28:00,955,8440,508,155,XG30496365XCD,1314,,,Delayed,54,1747465069,1747465069
22730,453078,2025-05-10 08:15:00,2025-05-11 01:46:00,6707,15800,168,360,RL76916058,625,,,OnTime,,1747465069,1747465069
22731,170041,2025-05-24 16:00:00,2025-05-25 00:51:00,1681,15586,232,355,VP20764920,5199,,,Cancelled,,1747465069,1747465069
22732,212932,2025-05-18 11:30:00,2025-05-18 22:21:00,5972,1161,507,514,HX20231705,,,,Delayed,28,1747465069,1747465069
22733,93440,2025-05-26 00:45:00,2025-05-26 17:56:00,15455,3337,136,132,SN00929960,4224,,,Scheduled,,1747465069,1747465069
22734,79682,2025-05-10 14:00:00,2025-05-11 04:38:00,14114,664,318,30,FD02200100,1222,2025-05-10 14:52:00,2025-05-11 05:30:00,Delayed,73,1747465069,1747465069
22735,217560,2025-05-10 04:00:00,2025-05-10 05:29:00,404,1866,647,547,ZB25209370,,,,OnTime,,1747465069,1747465069
22736,473832,2025-05-20 08:00:00,2025-05-20 10:12:00,15734,13219,626,480,LC11596415XCD,3922,,,Delayed,64,1747465069,1747465069
22737,302504,2025-05-26 17:45:00,2025-05-27 03:49:00,13693,7928,505,,TE33331213,3068,,,Delayed,79,1747465069,1747465069
22738,303854,2025-05-18 08:00:00,2025-05-18 11:12:00,15542,7055,360,347,VR10122761XCD,9381,,,Scheduled,,1747465069,1747465069
22739,224550,2025-05-14 13:15:00,2025-05-15 05:10:00,1619,13401,532,46,YG47790712,1026,,,Cancelled,,1747465069,1747465069
22740,164783,2025-05-15 17:15:00,2025-05-16 01:59:00,2241,5329,427,207,DR14508780,1593,,,OnTime,,1747465069,1747465069
22741,282167,2025-05-21 13:45:00,2025-05-21 17:22:00,12450,1781,386,385,AQ05870405,4550,,,Cancelled,,1747465069,1747465069
22742,174953,2025-05-22 16:00:00,2025-05-23 01:19:00,5588,10917,628,449,HN17416999,3729,,,Cancelled,,1747465069,1747465069
22743,265159,2025-05-19 08:00:00,2025-05-19 11:21:00,10493,10862,212,218,ET27735128XCD,5585,,,Scheduled,,1747465069,1747465069
22744,185091,2025-05-27 16:00:00,2025-05-28 03:48:00,4917,7767,85,47,RV29888514,5561,,,Delayed,24,1747465069,1747465069
22745,295546,2025-05-19 09:15:00,2025-05-19 20:07:00,14379,9541,72,356,CN56891609,,,,Cancelled,,1747465069,1747465069
22746,283081,2025-05-14 04:45:00,2025-05-14 11:47:00,1773,16757,79,396,YR96999955,63,,,OnTime,,1747465069,1747465069
22747,45476,2025-05-19 01:30:00,2025-05-19 06:59:00,3367,11831,605,29,DD10453802,7774,,,Scheduled,,1747465069,1747465069
22748,284658,2025-05-28 15:00:00,2025-05-29 06:12:00,2914,1916,55,353,LR94816616,818,,,Scheduled,,1747465069,1747465069
22749,26379,2025-05-12 18:45:00,2025-05-12 22:11:00,5362,5434,484,328,NS54029900,2363,,,OnTime,,1747465069,1747465069
22750,434159,2025-05-09 04:15:00,2025-05-09 21:34:00,1786,3111,75,571,GC12293413,8102,,,OnTime,,1747465069,1747465069
22751,418666,2025-05-26 11:00:00,2025-05-27 00:01:00,3154,5729,48,,UJ31714504,4161,,,Cancelled,,1747465069,1747465069
22752,35702,2025-05-24 21:00:00,2025-05-25 01:07:00,10540,5274,19,,HG98473687,7891,,,Cancelled,,1747465069,1747465069
22753,439450,2025-05-10 03:30:00,2025-05-10 15:15:00,12365,3014,642,43,VQ31261935,3608,,,OnTime,,1747465069,1747465069
22754,198158,2025-05-19 02:30:00,2025-05-19 11:22:00,15946,16354,266,243,EE60879141,2764,,,Scheduled,,1747465069,1747465069
22755,194224,2025-05-24 23:00:00,2025-05-25 16:59:00,16740,10179,383,476,NR26546479,4631,,,Scheduled,,1747465069,1747465069
22756,51260,2025-05-14 03:15:00,2025-05-14 18:42:00,10819,5078,281,449,OM06020004,5931,2025-05-14 03:58:00,2025-05-14 19:25:00,Delayed,44,1747465069,1747465069
22757,124323,2025-05-25 23:45:00,2025-05-26 05:22:00,15506,13318,6,466,PN52655688,8727,,,Cancelled,,1747465069,1747465069
22758,143572,2025-05-19 08:00:00,2025-05-19 11:53:00,5132,7966,196,242,SB68538415XCD,857,,,Cancelled,,1747465069,1747465069
22759,402349,2025-05-22 04:45:00,2025-05-22 09:28:00,9185,9974,478,204,TW44560547,3317,,,Delayed,38,1747465069,1747465069
22760,114474,2025-05-12 08:15:00,2025-05-12 17:53:00,1082,12765,167,,JP27277009,2244,,,OnTime,,1747465069,1747465069
22761,318371,2025-05-17 18:00:00,2025-05-18 06:48:00,16949,6437,98,163,JX74993065,6515,,,Delayed,34,1747465069,1747465069
22762,261369,2025-05-19 08:00:00,2025-05-19 11:36:00,763,3191,62,,YV79768225XCD,786,,,Scheduled,,1747465069,1747465069
22763,229404,2025-05-13 02:15:00,2025-05-13 16:13:00,7423,10790,495,280,JJ40288598,4073,,,OnTime,,1747465069,1747465069
22764,369508,2025-05-12 13:45:00,2025-05-12 15:51:00,4531,2761,147,111,SJ42648615,,,,OnTime,,1747465069,1747465069
22765,327488,2025-05-21 08:00:00,2025-05-21 09:45:00,6249,6680,372,478,EH03732021XCD,9132,,,Cancelled,,1747465069,1747465069
22766,321265,2025-05-31 01:00:00,2025-05-31 18:21:00,9221,4864,353,417,SP72639534,2054,,,Delayed,72,1747465069,1747465069
22767,122360,2025-05-18 08:00:00,2025-05-18 09:09:00,7869,8635,643,323,AA48403705XCD,3623,,,Cancelled,,1747465069,1747465069
22768,395598,2025-05-18 08:00:00,2025-05-18 09:21:00,11781,1157,524,67,UR07384008XCD,6451,,,Cancelled,,1747465069,1747465069
22769,401538,2025-05-12 12:45:00,2025-05-12 19:24:00,812,3081,403,25,YP90628159,573,,,OnTime,,1747465069,1747465069
22770,202328,2025-05-10 03:00:00,2025-05-10 09:08:00,10243,5629,165,406,ZN38670219,,,,OnTime,,1747465069,1747465069
22771,192335,2025-05-23 01:15:00,2025-05-23 15:59:00,7978,5570,134,248,TL03310834,7484,,,Scheduled,,1747465069,1747465069
22772,37484,2025-05-21 22:15:00,2025-05-22 10:17:00,4120,7332,486,,MU24742609,978,,,Scheduled,,1747465069,1747465069
22773,201869,2025-05-19 15:00:00,2025-05-20 02:28:00,16427,15638,456,619,CZ56521637,8869,,,Delayed,25,1747465069,1747465069
22774,464643,2025-05-23 08:00:00,2025-05-23 09:31:00,5930,12082,129,172,PS67387084XCD,508,,,Cancelled,,1747465069,1747465069
22775,253782,2025-05-09 11:45:00,2025-05-09 18:39:00,15481,9267,8,114,VY02366546,1677,,,OnTime,,1747465069,1747465069
22776,331524,2025-05-15 17:00:00,2025-05-16 06:57:00,13694,1185,268,507,VO19616243,4484,,,OnTime,,1747465069,1747465069
22777,84030,2025-05-21 04:00:00,2025-05-21 07:51:00,6043,16212,159,466,FB48649803,,,,Delayed,33,1747465069,1747465069
22778,232523,2025-05-24 02:45:00,2025-05-24 04:30:00,11894,11209,628,,PU88561883,9041,,,Scheduled,,1747465069,1747465069
22779,26394,2025-05-16 08:00:00,2025-05-16 09:59:00,3566,286,628,602,JE21322185XCD,7547,,,Cancelled,,1747465069,1747465069
22780,461175,2025-05-22 15:00:00,2025-05-23 03:20:00,9112,2480,293,191,XF45490327,4145,,,Cancelled,,1747465069,1747465069
22781,142599,2025-06-01 11:45:00,2025-06-02 00:08:00,14605,338,19,464,PW71958363,6545,,,Scheduled,,1747465069,1747465069
22782,57448,2025-05-14 08:00:00,2025-05-14 10:35:00,7465,3009,43,,WX63510103XCD,6352,,,OnTime,,1747465069,1747465069
22783,233349,2025-05-23 08:00:00,2025-05-23 09:25:00,4128,2997,283,193,CH45700202XCD,4786,,,Delayed,45,1747465069,1747465069
22784,460638,2025-05-22 22:15:00,2025-05-23 03:24:00,7761,13628,556,454,WI97722300,1593,,,Scheduled,,1747465069,1747465069
22785,454147,2025-05-15 22:45:00,2025-05-16 08:28:00,8282,13673,208,72,KO07766192,2761,,,OnTime,,1747465069,1747465069
22786,406397,2025-05-15 08:00:00,2025-05-15 09:21:00,13345,4794,396,311,AW99272655XCD,2503,,,OnTime,,1747465069,1747465069
22787,448442,2025-05-26 02:00:00,2025-05-26 17:42:00,277,1252,108,407,RW56276598,,,,Delayed,63,1747465069,1747465069
22788,54310,2025-05-11 13:15:00,2025-05-12 03:57:00,12157,15443,407,142,DP19342318,8120,,,Cancelled,,1747465069,1747465069
22789,317871,2025-05-24 03:45:00,2025-05-24 07:04:00,5085,4631,426,603,DF23010116,7840,,,Delayed,25,1747465069,1747465069
22790,417371,2025-05-23 08:00:00,2025-05-23 12:00:00,14042,15998,426,608,JC04476791XCD,5667,,,Cancelled,,1747465069,1747465069
22791,389853,2025-05-12 14:15:00,2025-05-13 08:09:00,93,9345,374,297,CW55963165,989,,,OnTime,,1747465069,1747465069
22792,210302,2025-05-16 04:15:00,2025-05-16 16:45:00,8391,12347,640,215,JT27160014,4031,,,OnTime,,1747465069,1747465069
22793,148180,2025-05-15 14:30:00,2025-05-16 04:22:00,8832,4790,639,519,RV91519666,4565,2025-05-15 14:58:00,2025-05-16 04:50:00,Delayed,54,1747465069,1747465069
22794,426783,2025-05-19 07:15:00,2025-05-19 10:00:00,418,6285,608,440,RD96438452,2954,,,Delayed,79,1747465069,1747465069
22795,289549,2025-05-24 00:45:00,2025-05-24 14:37:00,2251,5275,182,155,LJ09441710,8,,,Delayed,18,1747465069,1747465069
22796,414898,2025-05-23 08:00:00,2025-05-23 11:43:00,9560,12233,509,644,ZK64573749XCD,4694,,,Scheduled,,1747465069,1747465069
22797,401770,2025-06-02 06:30:00,2025-06-02 20:35:00,9495,1837,504,579,NE45619233,,,,Scheduled,,1747465069,1747465069
22798,48286,2025-05-26 07:30:00,2025-05-26 17:33:00,10338,11082,515,160,ZA88969124,5033,,,Delayed,52,1747465069,1747465069
22799,41412,2025-05-16 03:00:00,2025-05-16 05:53:00,5829,6021,542,650,ZW21955163,9085,,,OnTime,,1747465069,1747465069
22800,174657,2025-05-21 08:00:00,2025-05-22 01:39:00,1520,15001,13,442,OK60270862,2274,,,Delayed,31,1747465069,1747465069
22801,499157,2025-05-17 10:30:00,2025-05-18 00:50:00,12163,10119,466,,VP10680040,3753,,,OnTime,,1747465069,1747465069
22802,351192,2025-05-21 00:45:00,2025-05-21 04:11:00,491,2648,494,155,LI27743110,7588,,,Cancelled,,1747465069,1747465069
22803,228674,2025-05-28 16:30:00,2025-05-28 22:31:00,16565,9364,104,261,ZC03917268,7655,,,Delayed,71,1747465069,1747465069
22804,183208,2025-05-14 11:45:00,2025-05-15 01:14:00,4471,11000,443,284,RH07699839,4301,2025-05-14 12:43:00,2025-05-15 02:12:00,Delayed,54,1747465069,1747465069
22805,362760,2025-05-17 10:30:00,2025-05-18 00:50:00,16003,14687,37,555,YM67627426,2782,2025-05-17 11:26:00,2025-05-18 01:46:00,Delayed,13,1747465069,1747465069
22806,271259,2025-05-23 11:00:00,2025-05-24 01:41:00,6735,4859,326,295,FA55405925,,,,Scheduled,,1747465069,1747465069
22807,248486,2025-05-25 23:00:00,2025-05-26 06:48:00,4276,3530,319,469,IZ59548950,7778,,,Cancelled,,1747465069,1747465069
22808,226242,2025-05-15 02:45:00,2025-05-15 18:14:00,8216,6901,642,137,ZR89303842,6640,,,OnTime,,1747465069,1747465069
22809,303597,2025-05-22 04:30:00,2025-05-22 06:59:00,7657,13637,107,598,NF87513120,1708,,,Cancelled,,1747465069,1747465069
22810,324464,2025-05-16 06:00:00,2025-05-16 07:56:00,16043,1664,551,6,FW30857289,6561,,,OnTime,,1747465069,1747465069
22811,241516,2025-05-18 08:00:00,2025-05-18 10:58:00,9516,4605,11,337,OT80071328XCD,,,,Cancelled,,1747465069,1747465069
22812,161529,2025-05-13 03:00:00,2025-05-13 18:17:00,491,925,256,307,BJ38197240,5709,2025-05-13 03:47:00,2025-05-13 19:04:00,Delayed,13,1747465069,1747465069
22813,138783,2025-05-19 11:45:00,2025-05-20 03:33:00,16850,13185,566,530,NE14836125,4625,,,Cancelled,,1747465069,1747465069
22814,68027,2025-05-24 23:15:00,2025-05-25 06:30:00,16231,13347,542,378,FN08404245,137,,,Scheduled,,1747465069,1747465069
22815,73002,2025-05-26 01:00:00,2025-05-26 04:34:00,5777,13040,480,407,SV38593425,8422,,,Delayed,12,1747465069,1747465069
22816,467726,2025-05-30 07:15:00,2025-05-30 14:30:00,3511,14453,426,615,HF25354192,16,,,Delayed,71,1747465069,1747465069
22817,211973,2025-05-15 11:00:00,2025-05-15 22:20:00,13178,8819,472,248,KN17464331,84,,,OnTime,,1747465069,1747465069
22818,450030,2025-05-16 08:00:00,2025-05-16 11:54:00,4728,13930,196,,ZD77826881XCD,,2025-05-16 08:40:00,2025-05-16 12:34:00,Delayed,57,1747465069,1747465069
22819,343177,2025-05-15 06:30:00,2025-05-15 09:57:00,3703,6732,365,307,SA77840773,7631,2025-05-15 07:03:00,2025-05-15 10:30:00,Delayed,77,1747465069,1747465069
22820,282668,2025-05-09 23:00:00,2025-05-10 05:33:00,3034,3441,326,,IT83220331,9164,,,OnTime,,1747465069,1747465069
22821,215321,2025-05-17 18:15:00,2025-05-17 23:12:00,2978,5434,418,517,VH06275817,2461,,,Delayed,29,1747465069,1747465069
22822,341863,2025-05-15 08:00:00,2025-05-15 11:00:00,13231,9664,338,,FZ14682693XCD,5988,2025-05-15 08:49:00,2025-05-15 11:49:00,Delayed,57,1747465069,1747465069
22823,165301,2025-05-30 21:15:00,2025-05-31 05:44:00,3340,6816,82,89,DH70251944,1363,,,Cancelled,,1747465069,1747465069
22824,338815,2025-05-17 11:00:00,2025-05-17 12:50:00,96,2888,211,,QD23833583,6389,,,OnTime,,1747465069,1747465069
22825,490875,2025-05-26 14:15:00,2025-05-27 05:48:00,4834,9737,594,,HL02814079,1477,,,Delayed,71,1747465069,1747465069
22826,5357,2025-05-24 22:45:00,2025-05-25 09:47:00,9665,5254,649,278,WZ53084280,3979,,,Scheduled,,1747465069,1747465069
22827,484331,2025-05-28 07:15:00,2025-05-28 19:27:00,6839,1122,574,93,VJ66242921,,,,Delayed,17,1747465069,1747465069
22828,494999,2025-05-31 05:30:00,2025-05-31 17:54:00,5991,3122,303,626,OE74990929,2564,,,Delayed,52,1747465069,1747465069
22829,426450,2025-05-21 08:00:00,2025-05-21 11:01:00,1363,9000,567,68,HT51990960XCD,7096,,,Delayed,15,1747465069,1747465069
22830,223721,2025-05-27 16:30:00,2025-05-28 00:01:00,15215,7001,435,329,MV95796025,3931,,,Cancelled,,1747465069,1747465069
22831,2663,2025-05-21 18:30:00,2025-05-21 20:54:00,3636,12133,499,107,GJ70261818,2393,,,Cancelled,,1747465069,1747465069
22832,458868,2025-05-24 08:00:00,2025-05-24 09:57:00,1039,16086,627,196,ZN58613152XCD,3889,,,Cancelled,,1747465069,1747465069
22833,468775,2025-05-15 08:00:00,2025-05-15 10:11:00,10982,4667,153,353,CI99813947XCD,8661,,,OnTime,,1747465069,1747465069
22834,207013,2025-05-25 09:00:00,2025-05-25 11:12:00,1789,4433,313,,DF03298284,5424,,,Delayed,37,1747465069,1747465069
22835,183319,2025-05-22 17:45:00,2025-05-23 07:13:00,5692,304,65,396,WR70573540,5669,,,Scheduled,,1747465069,1747465069
22836,173865,2025-05-15 10:45:00,2025-05-16 00:29:00,1297,13701,27,402,PM24781879,4396,,,OnTime,,1747465069,1747465069
22837,493868,2025-05-15 22:45:00,2025-05-16 15:55:00,13127,15827,68,104,OZ74706717,6773,2025-05-15 22:57:00,2025-05-16 16:07:00,Delayed,15,1747465069,1747465069
22838,499138,2025-05-17 01:15:00,2025-05-17 04:17:00,6513,4573,622,59,AM64758351,415,,,OnTime,,1747465069,1747465069
22839,288622,2025-05-18 08:00:00,2025-05-18 09:20:00,10715,12075,544,505,IN30677493XCD,3656,,,Cancelled,,1747465069,1747465069
22840,176242,2025-05-26 10:00:00,2025-05-26 15:54:00,218,11226,489,471,DR94082853,6330,,,Cancelled,,1747465069,1747465069
22841,353246,2025-05-17 16:00:00,2025-05-18 00:28:00,8702,10079,642,,TA50709873,3969,,,Scheduled,,1747465069,1747465069
22842,229911,2025-05-26 12:00:00,2025-05-26 17:14:00,8964,197,552,2,NF77758574,5209,,,Scheduled,,1747465069,1747465069
22843,464313,2025-05-25 02:30:00,2025-05-25 15:24:00,15606,4239,190,58,BT78223699,2139,,,Scheduled,,1747465069,1747465069
22844,157304,2025-05-13 03:00:00,2025-05-13 18:50:00,9922,3157,255,38,JA12882131,8802,,,OnTime,,1747465069,1747465069
22845,204567,2025-05-22 13:00:00,2025-05-22 14:59:00,9401,8854,389,614,YZ56809097,5818,,,Cancelled,,1747465069,1747465069
22846,340392,2025-05-17 05:00:00,2025-05-17 22:36:00,11452,9449,637,490,UM38509601,7926,,,OnTime,,1747465069,1747465069
22847,194394,2025-05-24 18:00:00,2025-05-25 11:59:00,13167,5703,468,27,MA92663079,5961,,,Scheduled,,1747465069,1747465069
22848,74982,2025-05-12 20:15:00,2025-05-13 00:28:00,8547,5963,173,581,QV84822336,8574,,,Cancelled,,1747465069,1747465069
22849,29171,2025-05-17 02:45:00,2025-05-17 15:41:00,3430,3908,552,578,VD68194916,,2025-05-17 03:25:00,2025-05-17 16:21:00,Delayed,71,1747465069,1747465069
22850,9502,2025-05-21 07:00:00,2025-05-21 10:36:00,7490,10293,354,148,VW12783413,3320,,,Scheduled,,1747465069,1747465069
22851,156898,2025-05-17 13:00:00,2025-05-18 02:25:00,15875,13544,612,321,MB76033490,,,,OnTime,,1747465069,1747465069
22852,126259,2025-05-18 20:45:00,2025-05-19 09:10:00,5573,16898,647,452,IQ06108154,5175,,,Scheduled,,1747465069,1747465069
22853,256636,2025-05-18 22:45:00,2025-05-19 08:50:00,5637,11095,22,72,UC32546320,,,,Cancelled,,1747465069,1747465069
22854,401626,2025-05-27 22:00:00,2025-05-28 15:29:00,8280,1426,245,372,ZB06009126,5905,,,Scheduled,,1747465069,1747465069
22855,257292,2025-05-29 00:15:00,2025-05-29 17:19:00,6726,3084,425,142,BF71373090,,,,Delayed,15,1747465069,1747465069
22856,213999,2025-05-27 07:00:00,2025-05-27 16:03:00,392,5887,464,,GJ80420881,9405,,,Scheduled,,1747465069,1747465069
22857,276097,2025-05-22 11:30:00,2025-05-23 03:16:00,8141,15366,104,39,EV70909596,,,,Scheduled,,1747465069,1747465069
22858,362452,2025-05-27 03:00:00,2025-05-27 05:13:00,957,8516,486,144,EW62650364,,,,Cancelled,,1747465069,1747465069
22859,392553,2025-05-09 11:15:00,2025-05-10 02:10:00,3282,3625,49,607,CI84455713,5791,,,OnTime,,1747465069,1747465069
22860,450147,2025-05-25 14:15:00,2025-05-26 00:47:00,3629,6676,189,102,SN84176620,7773,,,Delayed,38,1747465069,1747465069
22861,413431,2025-05-24 08:00:00,2025-05-24 11:22:00,3158,9319,210,94,YD10699793XCD,,,,Scheduled,,1747465069,1747465069
22862,134241,2025-05-18 02:30:00,2025-05-18 16:50:00,16762,16069,55,552,VG17972774,1871,,,Cancelled,,1747465069,1747465069
22863,202235,2025-05-26 14:00:00,2025-05-27 04:04:00,206,4128,282,293,VK71406105,3210,,,Cancelled,,1747465069,1747465069
22864,122354,2025-05-25 11:00:00,2025-05-25 14:28:00,11786,7643,552,82,MK81738334,1975,,,Delayed,38,1747465069,1747465069
22865,236290,2025-05-20 19:15:00,2025-05-21 08:58:00,9673,13529,327,373,CL67869306,2365,,,Cancelled,,1747465069,1747465069
22866,473013,2025-05-17 14:45:00,2025-05-18 05:44:00,15119,7860,428,96,FM19685151,,,,Scheduled,,1747465069,1747465069
22867,492305,2025-05-15 14:45:00,2025-05-15 19:56:00,7699,9820,48,,HJ21094980,485,,,OnTime,,1747465069,1747465069
22868,394353,2025-05-08 00:30:00,2025-05-08 17:27:00,2424,5092,212,18,YS92292328,5113,,,OnTime,,1747465069,1747465069
22869,268052,2025-05-20 00:00:00,2025-05-20 08:15:00,12638,144,98,220,JZ90696045,4188,,,Cancelled,,1747465069,1747465069
22870,180098,2025-05-20 19:30:00,2025-05-21 04:57:00,5722,10722,515,27,NB97522602,5472,,,Cancelled,,1747465069,1747465069
22871,268436,2025-05-17 07:00:00,2025-05-17 14:53:00,9323,13506,93,414,CS41220592,5259,,,OnTime,,1747465069,1747465069
22872,238550,2025-05-23 08:45:00,2025-05-23 11:34:00,13598,3823,475,346,VD15603288,,,,Scheduled,,1747465069,1747465069
22873,469229,2025-05-22 23:30:00,2025-05-23 05:07:00,12069,6923,558,598,CF18104243,5813,,,Cancelled,,1747465069,1747465069
22874,380982,2025-05-09 14:15:00,2025-05-10 00:01:00,4336,8393,351,,EB14094566,7954,,,OnTime,,1747465069,1747465069
22875,390043,2025-05-09 06:15:00,2025-05-09 07:36:00,4827,6188,7,540,IW09098346,5149,2025-05-09 06:27:00,2025-05-09 07:48:00,Delayed,73,1747465069,1747465069
22876,69649,2025-05-30 03:00:00,2025-05-30 09:50:00,14617,14663,466,245,NH52646743,,,,Delayed,55,1747465069,1747465069
22877,125748,2025-05-24 02:15:00,2025-05-24 06:39:00,6064,8436,299,62,EM02289172,,,,Scheduled,,1747465069,1747465069
22878,489982,2025-05-24 00:30:00,2025-05-24 08:14:00,10244,6362,326,536,IS43202167,2117,,,Cancelled,,1747465069,1747465069
22879,132872,2025-05-25 10:00:00,2025-05-25 13:49:00,8979,3861,230,,IU52044525,6823,,,Cancelled,,1747465069,1747465069
22880,94662,2025-05-22 01:45:00,2025-05-22 14:35:00,6877,11807,59,132,HI03319207,1019,,,Delayed,39,1747465069,1747465069
22881,486529,2025-05-22 08:45:00,2025-05-22 14:13:00,15165,10676,561,407,QM53843616,,,,Cancelled,,1747465069,1747465069
22882,26056,2025-05-22 00:15:00,2025-05-22 09:01:00,3591,7808,118,497,NN10302063,6108,,,Cancelled,,1747465069,1747465069
22883,188986,2025-05-27 11:00:00,2025-05-28 01:39:00,10802,6965,446,504,JA49881354,7912,,,Scheduled,,1747465069,1747465069
22884,426862,2025-05-22 08:00:00,2025-05-22 10:56:00,8547,3491,40,113,OT29923237XCD,4208,,,Cancelled,,1747465069,1747465069
22885,410031,2025-05-28 06:00:00,2025-05-28 09:47:00,4342,9812,90,7,UD11161777,,,,Scheduled,,1747465069,1747465069
22886,148784,2025-05-21 08:00:00,2025-05-21 10:55:00,7624,1381,294,186,ZF11570710XCD,4865,,,Cancelled,,1747465069,1747465069
22887,198591,2025-05-18 15:30:00,2025-05-18 20:23:00,666,9278,228,587,CE08148166,6968,,,Delayed,73,1747465069,1747465069
22888,438018,2025-05-15 08:00:00,2025-05-15 11:44:00,13009,16945,574,497,LO19055328XCD,,,,OnTime,,1747465069,1747465069
22889,66485,2025-05-21 08:00:00,2025-05-21 11:45:00,10282,13295,389,182,IU10992922XCD,2950,,,Delayed,28,1747465069,1747465069
22890,128137,2025-05-21 00:30:00,2025-05-21 12:25:00,15856,14182,276,627,CN03606626,2542,,,Delayed,23,1747465069,1747465069
22891,203955,2025-05-22 15:00:00,2025-05-22 16:39:00,4455,5615,579,,SN73846071,1757,,,Cancelled,,1747465069,1747465069
22892,428030,2025-05-10 03:45:00,2025-05-10 12:54:00,8523,13968,529,242,CD48191746,8458,,,Cancelled,,1747465069,1747465069
22893,119886,2025-05-16 02:15:00,2025-05-16 20:14:00,2096,9047,634,52,YA86809563,8394,,,OnTime,,1747465069,1747465069
22894,131978,2025-05-26 20:30:00,2025-05-27 08:56:00,6334,2203,81,87,VQ58611624,3896,,,Delayed,75,1747465069,1747465069
22895,138152,2025-05-21 03:45:00,2025-05-21 12:13:00,12353,2686,186,70,YU53633677,8781,,,Cancelled,,1747465069,1747465069
22896,377584,2025-05-15 09:45:00,2025-05-15 10:46:00,13798,4757,568,607,EV13554734,337,,,OnTime,,1747465069,1747465069
22897,7165,2025-05-29 09:00:00,2025-05-29 21:35:00,3514,9015,526,607,XV89913149,3605,,,Scheduled,,1747465069,1747465069
22898,354907,2025-05-23 08:00:00,2025-05-23 09:54:00,15042,7174,166,566,UY99174359XCD,,,,Cancelled,,1747465069,1747465069
22899,454177,2025-05-19 18:45:00,2025-05-19 22:23:00,9184,16875,548,72,SD06874747,6436,,,Scheduled,,1747465069,1747465069
22900,325471,2025-05-19 04:00:00,2025-05-19 05:02:00,9570,7749,558,590,EE14597805,3007,,,Cancelled,,1747465069,1747465069
22901,271421,2025-05-19 17:45:00,2025-05-19 19:03:00,14245,7775,488,350,GT99207426,4671,,,Delayed,75,1747465069,1747465069
22902,429025,2025-05-24 07:30:00,2025-05-24 13:49:00,11814,5743,350,366,PM59385731,3429,,,Delayed,18,1747465069,1747465069
22903,31340,2025-05-19 23:45:00,2025-05-20 02:05:00,9705,4701,365,162,VL72981122,4555,,,Scheduled,,1747465069,1747465069
22904,353840,2025-05-20 05:00:00,2025-05-20 21:24:00,14723,8996,139,641,BV85931810,4212,,,Cancelled,,1747465069,1747465069
22905,388715,2025-05-25 05:45:00,2025-05-25 15:25:00,6407,2868,219,325,SI90245741,4706,,,Scheduled,,1747465069,1747465069
22906,330799,2025-05-16 08:30:00,2025-05-16 21:36:00,11236,16410,226,46,UO63765522,6787,2025-05-16 08:50:00,2025-05-16 21:56:00,Delayed,39,1747465069,1747465069
22907,400096,2025-05-21 01:15:00,2025-05-21 13:54:00,12877,13338,494,216,OQ59166356,8802,,,Delayed,14,1747465069,1747465069
22908,53132,2025-05-13 04:30:00,2025-05-13 14:59:00,959,10380,393,,OP78706320,,,,OnTime,,1747465069,1747465069
22909,387165,2025-05-22 08:00:00,2025-05-22 11:47:00,11793,16154,605,,GQ63720415XCD,9331,,,Scheduled,,1747465069,1747465069
22910,400888,2025-05-15 09:00:00,2025-05-15 23:43:00,2046,8108,410,404,GX87891353,7765,2025-05-15 09:30:00,2025-05-16 00:13:00,Delayed,25,1747465069,1747465069
22911,447705,2025-05-17 04:15:00,2025-05-17 07:59:00,6340,6851,306,345,ZC07416110,7460,,,OnTime,,1747465069,1747465069
22912,402609,2025-05-19 19:00:00,2025-05-20 04:21:00,4549,3168,318,,ZC83730017,1070,,,Scheduled,,1747465069,1747465069
22913,149451,2025-05-20 23:45:00,2025-05-21 03:22:00,5825,1967,103,162,RU23664986,3978,,,Delayed,72,1747465069,1747465069
22914,96179,2025-05-15 16:15:00,2025-05-15 22:55:00,6702,5244,261,639,XG73256775,922,,,OnTime,,1747465069,1747465069
22915,345055,2025-05-27 12:30:00,2025-05-27 17:32:00,16005,16560,42,163,ZW61300279,6591,,,Delayed,25,1747465069,1747465069
22916,231780,2025-05-28 19:30:00,2025-05-29 08:27:00,4599,9829,208,288,YZ92977290,917,,,Cancelled,,1747465069,1747465069
22917,299143,2025-05-22 08:00:00,2025-05-22 11:00:00,2585,6795,559,,KX43617114XCD,811,,,Scheduled,,1747465069,1747465069
22918,130934,2025-05-23 21:30:00,2025-05-24 04:13:00,5810,1378,77,243,GL39956818,3962,,,Cancelled,,1747465069,1747465069
22919,401750,2025-05-15 20:15:00,2025-05-16 04:34:00,13253,1110,312,263,ON24411742,7276,2025-05-15 21:00:00,2025-05-16 05:19:00,Delayed,22,1747465069,1747465069
22920,83104,2025-05-19 08:00:00,2025-05-19 10:09:00,7732,6941,195,571,QM79906365XCD,1557,,,Delayed,29,1747465069,1747465069
22921,153897,2025-05-21 14:30:00,2025-05-22 04:59:00,4743,10661,490,325,FH15629000,5963,,,Scheduled,,1747465069,1747465069
22922,386206,2025-05-21 03:15:00,2025-05-21 09:35:00,6894,8228,160,,QY78291903,,,,Scheduled,,1747465069,1747465069
22923,381797,2025-05-16 01:15:00,2025-05-16 13:59:00,6922,11928,182,469,NA09937903,6088,2025-05-16 01:36:00,2025-05-16 14:20:00,Delayed,19,1747465069,1747465069
22924,38295,2025-05-21 06:00:00,2025-05-21 07:48:00,6583,4824,390,479,FY19461305,4413,,,Delayed,18,1747465069,1747465069
22925,259246,2025-05-18 13:45:00,2025-05-19 04:46:00,12597,3713,625,,DY83198380,2094,,,Delayed,19,1747465069,1747465069
22926,265789,2025-05-16 08:00:00,2025-05-16 09:25:00,11171,2895,420,95,CX96303126XCD,,,,OnTime,,1747465069,1747465069
22927,209492,2025-05-15 08:00:00,2025-05-15 10:49:00,9702,14067,484,133,GN72810195XCD,7300,,,OnTime,,1747465069,1747465069
22928,7510,2025-05-19 20:15:00,2025-05-20 09:17:00,12636,4319,598,253,SK67936306,4639,,,Scheduled,,1747465069,1747465069
22929,243706,2025-05-19 08:00:00,2025-05-19 09:38:00,7341,438,504,634,TS96722839XCD,,,,Cancelled,,1747465069,1747465069
22930,488911,2025-05-14 05:30:00,2025-05-14 18:37:00,4796,11230,159,485,RN06822502,5065,,,OnTime,,1747465069,1747465069
22931,234699,2025-05-17 22:15:00,2025-05-17 23:50:00,9319,5485,485,234,NH26780050,,,,Scheduled,,1747465069,1747465069
22932,414290,2025-05-10 19:15:00,2025-05-11 10:20:00,682,11952,519,155,MT09684801,1293,,,Cancelled,,1747465069,1747465069
22933,263709,2025-05-12 01:45:00,2025-05-12 11:35:00,13130,11729,244,11,HN28028071,589,,,OnTime,,1747465069,1747465069
22934,181465,2025-05-15 06:30:00,2025-05-15 10:05:00,16654,4137,500,588,FC61266854,7390,,,OnTime,,1747465069,1747465069
22935,465899,2025-05-31 06:45:00,2025-05-31 17:06:00,22,7324,411,521,EN91289987,7243,,,Scheduled,,1747465069,1747465069
22936,277863,2025-05-19 09:45:00,2025-05-19 19:48:00,776,7619,52,454,DI95891129,9168,,,Delayed,79,1747465069,1747465069
22937,356723,2025-05-16 20:30:00,2025-05-17 07:50:00,2362,13333,392,29,ES52935194,,,,OnTime,,1747465069,1747465069
22938,169057,2025-05-22 03:15:00,2025-05-22 14:46:00,7947,1379,309,,PS55246532,2838,,,Cancelled,,1747465069,1747465069
22939,11521,2025-05-14 20:30:00,2025-05-15 07:00:00,15781,7433,297,91,NA74679116,3199,,,OnTime,,1747465069,1747465069
22940,144289,2025-05-21 01:30:00,2025-05-21 03:03:00,9391,13195,635,77,SM75213980,3711,,,Scheduled,,1747465069,1747465069
22941,35534,2025-05-21 22:00:00,2025-05-22 01:12:00,2000,13427,134,351,SY46810998,8935,,,Scheduled,,1747465069,1747465069
22942,250693,2025-05-12 16:15:00,2025-05-13 04:16:00,3739,11281,591,24,DO70841671,2270,2025-05-12 16:51:00,2025-05-13 04:52:00,Delayed,21,1747465069,1747465069
22943,433443,2025-05-12 08:30:00,2025-05-13 01:10:00,12196,7107,614,647,GK04209195,6610,,,OnTime,,1747465069,1747465069
22944,49400,2025-05-19 12:15:00,2025-05-19 13:33:00,15401,8083,228,124,AU12037653,6569,,,Delayed,52,1747465069,1747465069
22945,181922,2025-05-21 10:00:00,2025-05-21 18:50:00,14418,5260,609,32,UT60522169,4890,,,Scheduled,,1747465069,1747465069
22946,274312,2025-05-28 02:15:00,2025-05-28 03:44:00,14332,2622,544,301,FN03653571,4821,,,Delayed,29,1747465069,1747465069
22947,491386,2025-05-20 08:00:00,2025-05-20 09:53:00,3791,16788,426,352,CV97349581XCD,1519,,,Scheduled,,1747465069,1747465069
22948,208252,2025-05-15 05:45:00,2025-05-15 17:52:00,3185,5541,119,455,MM94296317,7891,,,OnTime,,1747465069,1747465069
22949,208208,2025-05-15 16:00:00,2025-05-15 20:34:00,13828,4157,522,14,TP32900435,,,,Cancelled,,1747465069,1747465069
22950,210005,2025-05-23 22:30:00,2025-05-24 04:45:00,5396,4309,131,226,BA99374557,8833,,,Cancelled,,1747465069,1747465069
22951,439669,2025-05-20 00:00:00,2025-05-20 14:40:00,14763,15325,623,103,XP74915262,7153,,,Cancelled,,1747465069,1747465069
22952,342361,2025-05-26 00:00:00,2025-05-26 04:34:00,655,11890,303,,NG19775355,19,,,Cancelled,,1747465069,1747465069
22953,237502,2025-05-22 17:45:00,2025-05-23 08:33:00,13492,6280,70,186,WQ83705496,1551,,,Cancelled,,1747465069,1747465069
22954,320136,2025-05-25 09:30:00,2025-05-25 20:11:00,4060,8070,262,349,HY35690472,,,,Scheduled,,1747465069,1747465069
22955,330770,2025-05-10 09:00:00,2025-05-11 02:09:00,11591,1786,244,,SF61962536,9100,,,OnTime,,1747465069,1747465069
22956,29587,2025-05-24 05:45:00,2025-05-24 10:10:00,6471,6113,246,583,MM19557654,5273,,,Cancelled,,1747465069,1747465069
22957,48996,2025-05-14 20:00:00,2025-05-15 08:26:00,16712,7018,62,412,EM45184439,9336,,,Cancelled,,1747465069,1747465069
22958,351263,2025-05-19 07:15:00,2025-05-19 14:28:00,12620,1651,57,607,IR48464738,9285,,,Delayed,56,1747465069,1747465069
22959,342122,2025-05-28 00:30:00,2025-05-28 01:31:00,3624,9605,448,480,RT03426816,1807,,,Cancelled,,1747465069,1747465069
22960,422132,2025-05-21 00:00:00,2025-05-21 09:11:00,5996,9753,53,546,DP73962179,4142,,,Cancelled,,1747465069,1747465069
22961,156524,2025-05-16 20:15:00,2025-05-17 03:49:00,5767,8027,155,212,LZ69539217,7451,,,OnTime,,1747465069,1747465069
22962,16300,2025-05-25 15:30:00,2025-05-26 00:32:00,6534,14854,90,,UQ55718071,5121,,,Scheduled,,1747465069,1747465069
22963,111768,2025-05-15 12:30:00,2025-05-15 19:39:00,1678,2613,397,263,YR96355780,9216,,,OnTime,,1747465069,1747465069
22964,142342,2025-05-15 16:15:00,2025-05-16 02:37:00,15926,11139,95,624,PN32705462,,,,OnTime,,1747465069,1747465069
22965,49493,2025-05-16 08:00:00,2025-05-16 11:05:00,13187,15690,136,,KB49194280XCD,3537,2025-05-16 08:38:00,2025-05-16 11:43:00,Delayed,19,1747465069,1747465069
22966,289335,2025-05-19 08:00:00,2025-05-19 11:22:00,14263,16922,513,548,TW63368251XCD,1098,,,Cancelled,,1747465069,1747465069
22967,291727,2025-05-17 07:45:00,2025-05-17 20:09:00,15613,345,624,644,NB16063918,2891,,,OnTime,,1747465069,1747465069
22968,56766,2025-05-28 06:45:00,2025-05-28 08:16:00,4807,11312,392,214,YL41912259,520,,,Delayed,71,1747465069,1747465069
22969,382412,2025-05-14 14:30:00,2025-05-14 23:44:00,16534,4837,415,,AH20457437,1760,2025-05-14 15:21:00,2025-05-15 00:35:00,Delayed,23,1747465069,1747465069
22970,207340,2025-05-17 08:00:00,2025-05-17 11:57:00,8826,6519,23,303,HE39361020XCD,2005,,,OnTime,,1747465069,1747465069
22971,395612,2025-05-17 04:45:00,2025-05-17 20:49:00,10774,5063,152,447,KM54706295,4559,2025-05-17 04:58:00,2025-05-17 21:02:00,Delayed,42,1747465069,1747465069
22972,66840,2025-05-23 13:15:00,2025-05-23 23:06:00,6269,14976,268,172,VN68575690,,,,Delayed,41,1747465069,1747465069
22973,308940,2025-05-25 09:30:00,2025-05-25 13:20:00,3206,16948,174,460,EE92325878,6349,,,Cancelled,,1747465069,1747465069
22974,243675,2025-05-27 11:30:00,2025-05-28 01:15:00,16251,5184,217,521,KA15374808,1273,,,Cancelled,,1747465069,1747465069
22975,451956,2025-05-16 22:45:00,2025-05-17 06:05:00,9590,11404,452,355,SL69682646,8007,,,OnTime,,1747465069,1747465069
22976,333852,2025-05-14 00:45:00,2025-05-14 04:13:00,7707,14081,352,,AE32908004,4203,,,Cancelled,,1747465069,1747465069
22977,18423,2025-05-15 06:45:00,2025-05-15 12:44:00,8822,5037,345,382,KU39954959,7235,,,OnTime,,1747465069,1747465069
22978,363654,2025-05-22 01:15:00,2025-05-22 15:39:00,12411,16547,628,478,JB28838621,5583,,,Scheduled,,1747465069,1747465069
22979,474879,2025-05-19 08:00:00,2025-05-19 10:53:00,5530,14180,131,436,SF15669778XCD,,,,Delayed,34,1747465069,1747465069
22980,125601,2025-05-15 07:15:00,2025-05-15 20:58:00,15649,720,411,234,QX65004781,2752,,,OnTime,,1747465069,1747465069
22981,260402,2025-05-09 16:00:00,2025-05-10 01:32:00,16218,2021,509,471,RK78476995,7744,2025-05-09 16:17:00,2025-05-10 01:49:00,Delayed,32,1747465069,1747465069
22982,270826,2025-05-19 09:15:00,2025-05-19 20:51:00,7232,3569,426,530,BB03696686,3987,,,Delayed,45,1747465069,1747465069
22983,431476,2025-05-25 14:00:00,2025-05-26 03:05:00,4380,400,131,84,OP15712202,3796,,,Delayed,45,1747465069,1747465069
22984,204948,2025-05-15 12:15:00,2025-05-15 23:11:00,12719,14004,366,15,FT62291853,1054,,,OnTime,,1747465069,1747465069
22985,260894,2025-05-14 19:45:00,2025-05-14 22:26:00,7559,16218,516,492,XO68640914,478,,,OnTime,,1747465069,1747465069
22986,381967,2025-05-23 13:15:00,2025-05-23 21:08:00,11473,226,60,498,IK41611281,,,,Cancelled,,1747465069,1747465069
22987,337211,2025-05-31 16:45:00,2025-06-01 08:59:00,1751,13441,139,217,NX19485234,4303,,,Scheduled,,1747465069,1747465069
22988,371618,2025-05-07 18:45:00,2025-05-08 11:31:00,9176,6681,298,602,UA81171494,9339,,,OnTime,,1747465069,1747465069
22989,438080,2025-05-17 10:45:00,2025-05-18 02:22:00,4295,1623,65,455,GA65028175,,,,OnTime,,1747465069,1747465069
22990,359051,2025-05-16 08:00:00,2025-05-16 09:22:00,1936,2091,51,324,MG98307419XCD,3526,2025-05-16 08:23:00,2025-05-16 09:45:00,Delayed,25,1747465069,1747465069
22991,311444,2025-05-13 03:45:00,2025-05-13 16:29:00,13600,12397,252,345,RC97118994,,,,Cancelled,,1747465069,1747465069
22992,47375,2025-05-20 08:00:00,2025-05-20 15:45:00,2350,8451,345,525,DI44368365,2385,,,Scheduled,,1747465069,1747465069
22993,223790,2025-05-27 19:15:00,2025-05-27 22:54:00,9347,8784,571,324,TQ22373491,4886,,,Cancelled,,1747465069,1747465069
22994,58504,2025-05-14 16:45:00,2025-05-15 04:10:00,4528,10645,404,307,IQ17053824,6811,,,OnTime,,1747465069,1747465069
22995,422859,2025-05-25 19:00:00,2025-05-25 22:31:00,1558,673,125,572,TE28220467,9098,,,Scheduled,,1747465069,1747465069
22996,261711,2025-05-10 00:30:00,2025-05-10 07:30:00,6756,11859,269,,CL45166831,1298,2025-05-10 01:22:00,2025-05-10 08:22:00,Delayed,15,1747465069,1747465069
22997,442876,2025-05-26 11:45:00,2025-05-26 20:08:00,13623,10974,315,375,BH33764037,6431,,,Scheduled,,1747465069,1747465069
22998,168393,2025-05-22 21:15:00,2025-05-23 07:51:00,15973,16994,292,468,UF80804491,1904,,,Delayed,35,1747465069,1747465069
22999,486302,2025-05-22 08:00:00,2025-05-22 11:02:00,15537,5468,552,121,IP70585279XCD,558,,,Cancelled,,1747465069,1747465069
23000,299810,2025-05-19 08:00:00,2025-05-19 10:01:00,16299,14064,21,54,AN01542795XCD,4138,,,Cancelled,,1747465069,1747465069
